tweet,category,disaster
"#AfterIrma #IrmaRecovery #hurricaneirma #Irma #AfterIRMA #Hurricane #Jose ? #ThursdayThoughts... https://t.co/tdyUUuy6j6"
"Carmelite nun and school principal wields 16\ chainsaw in holy #HurricaneIrma clean-up. News at 11. #mykindasister https://t.co/vnuF25No9H"
"Take a break from Irma's devastation and enjoy this years most beautiful sunset. #904happyhour #hurricaneirma #dtj…… https://t.co/xZshElOUNi"
"Florida: Our Duracell #PowerForward team is on the way with free batteries to help those impacted by #HurricaneIrma. https://t.co/bDJkzOLjs6"
"#HurricaneIrma: driven by fossil fuels. @ABC, @CNN, @CBS, @NBC: we demand answers on response, not #climatesilence https://t.co/WqXAxJswvP"
"Reports of looting in the Caribbean islands reeling from #HurricaneIrma are overstated, @RHughJackson tells… https://t.co/WpyTzXwX5g"
"#HurricaneIrma survivor Rick Aiken from Big Pine Key wants to let his family in Pittsburg and North Carolina know h… https://t.co/0MPWIoauKU"
"Thank you @RJStadium for all the hospitality you showed our officers during our #HurricaneIrma deployment. ? https://t.co/5gVZjUHtP0"
"#Irma is officially gone. In its wake, it left a long path of destruction. Here's the recap. #HurricaneIrma https://t.co/aS6xMkyW5t"
"#7DroneCam: Take a look at the damage at the Tiki Bar on #Islamorada. #HurricaneIrma #HurricaneIrmaAftermath https://t.co/BXalVr9ae4"
"#HurricaneIrma survivor Blaine Mori from Summerland Key wants to let his family know he is OK. Please RT!! https://t.co/1nI8QhC0b6"
"Today in Belle Glade, alongside @SenBillNelson, was given the opportunity to hand out meals to #HurricaneIrma victi… https://t.co/LtiNS0vYwZ"
"#HurricaneIrma Update: DCPS schools will remain closed through Friday, September 15. https://t.co/91vUyuvKfW"
"One of many crabs running across residential roads on North Hutchinson Island in #FortPierce after #HurricaneIrma. https://t.co/noAeJGmx2A"
"#HurricaneIrma #BlowItOutUrAssBitch #Florida https://t.co/ZHkeMCGGIv"
"#HurricaneIrma TKO's utility pole. #IrmaRecovery #HurricaneIrmaAftermath https://t.co/kS8dFXcihG"
"Please pray for all of the #Floridians effected by #HurricaneIrma ????Check out this throwback… https://t.co/uCyMccyWiw"
"Get involved with our friend #Waves4Water in their #HurricaneIrma relief initiative! Anything counts!… https://t.co/P99Zhvgp92"
"#HurricaneIrma survivors Mike and Tina Shabbick from Summerland Key want to let family in #NewJersey know they are… https://t.co/Wig3LXLJuk"
"US citizens evacuated from Tortola, British Virgin Islands, are welcomed at the airport in San Juan, #PuertoRico.… https://t.co/dyqn432iRw"
"Join me in support of @FirstBook’s efforts to help #Florida recover from the impact of #HurricaneIrma. Donate now -… https://t.co/KWCjQBzOFG"
"No ribbon cutting needed.  This street is now OPEN.  thanks @STIHLUSA #IrmaRecovery #HurricaneIrma https://t.co/ko2r3CBKz7"
"Dedication of Thru Street in Silverbluff, #Miami, by @FrancisSuarez @kenrussellmiami &amp; volunteers after… https://t.co/ApXTw0TVV0"
"#HurricaneIrma survivor Susan Lightbody from Big Pine Key wants to let her family in #Canada know she is OK. Please… https://t.co/iDQeeD4COd"
"The Florida Bar (@theflabar) is offering free legal assistance for #HurricaneIrma survivors. Please share!  https://t.co/bOdpl1OYrA"
"Yesterday's Mood when #Irma was taking over Atlanta ???? #hurricaneirma https://t.co/L9hOWrfop1"
"Our awesome and caring Comcast employees left for storm-battered sections of SW FL today to help restore service fo… https://t.co/qbiLvFWLEZ"
"Keys Strong... #floridakeys #keywest #florida #flkeys #cudjoekey #bigpinekey #irma #hurricaneirma https://t.co/iPeYNudvjO"
"Our #Gators spent time in the community helping with #HurricaneIrma clean up. #GatorGood. @UF_SAAC @GatorsWBK… https://t.co/wDop8ahwwG"
"DAMN THINGS GETTING BAD IN FLORIDA. ? PRAYERS ? #HURRICANEIRMA https://t.co/cINM9tVowV"
"The Salvation Army Disaster Relief Food Truck will park across from Publix, in Vilano Town Center supplying meals to #hurricaneIrma victims."
"The @USArmy is doing some great work to assist #HurricaneIrma relief operations. Check some of the ways they are le… https://t.co/vXsynsr1d0"
"#ByTheNumbers #USArmy #Soldiers, civilians and equipment deployed in support of #Irma relief and recovery efforts. https://t.co/EleN0g6HLA"
"Praying for all those dealing with the aftermath of #HurricaneIrma #Alzheimers #dementia.\nhttps://t.co/Kj04Ldkaig https://t.co/zrfE4nUGtw"
"The Duval County Courthouse and the Duval County Clerk’s Office will remain closed the rest of the week.  #Irma #HurricaneIrma"
"#Haitians in #SouthFlorida making do without electricity! Mommy commentary tho  ????????\n#Hurricaneirma #irma https://t.co/Wv3VZqaU2w"
"Reports from the ground on #HurricaneIrma and #HurricaneHarvey via @SITEGlobal https://t.co/kEHkrxjwjq #eventprofs #meetingprofs"
"After #HurricaneIrma hit Florida, our disaster response staff rushed to provide aid to local shelters Feral Friends https://t.co/3vzfd61btm"
"IT'S THE EYE.  GO FOR THE EYE.  #HurricaneIrma https://t.co/H0sjcXTSR9"
"#VI Consortium: Watch: The Damage On St. John Is Unimaginable; Hear The People’s Stories https://t.co/RWdYPCGvAs"
"Continuing our #Caribbean coverage: After #HurricaneIrma, #Barbuda needs the world's help right now @pri https://t.co/fwDsOauS8g"
"One of my #boytoys being a post-#HurricaneIrma #pussy https://t.co/5o6b6UErJ6"
"If you wanted to know how your school can help with disaster relief, we've got a plan in place now!… https://t.co/nIM1yOijlL"
"The School to School program is now live! See how you can help out #LuthEd schools affected by the recent disasters… https://t.co/WCp0HToM86"
"Thoughts and Prayers with everyone in my home state of Georgia affected by #hurricaneirma!"
"Text LOVE to 20222 to donate $10 to our Disaster Relief Fund. Details: https://t.co/gV4yD64fHU #HurricaneIrma https://t.co/QmTqkFEXFa"
"UPDATE: 49 dogs, 2 cats abandoned, tethered to trees by owners to ride out #HurricaneIrma. Rescues underway. https://t.co/zhc5gykYZV @WPTV"
"THHI partners w/ local governments to provide assistance to civic &amp; faith-based orgs that continue to provide meals… https://t.co/cysmJ5Bdfv"
"Creepy site - water in Tampa Bay is already being sucked out. This is view from downtown St. Pete waterfront.… https://t.co/SNVu24rFOp"
"The Prime Osborn is opening its door to people needing relief from the aftermath of #HurricaneIrma:… https://t.co/RWWuVKFATQ"
"If you still got no power at home in South Florida, I hope this helps! RETWEET THIS!! #SurvivalSkills #HurricaneIrma https://t.co/PEofpVWsuo"
".@FLOTUS announced she will accompany @POTUS to Florida tomorrow to survey the impact of #HurricaneIrma. https://t.co/7iONr9wKib"
"If you’d like to donate or volunteer to help Floridians after #HurricaneIrma, call 800-FL-HELP-1 or visit… https://t.co/GBDwOFQG5S"
"“Thank You Sister And All Of Our Neighbors That Are Working Together To Get Through This!” ??????? #HurricaneIrma… https://t.co/dEbgQfmkbU"
"NEW: Confirmed photos out of Cudjoe Key from this morning (Sept. 12th). Photos by Vicky Collins. #HurricaneIrma… https://t.co/8vFfvtS9pt"
"#Florida, Kentucky stands with you. Call 800-FL-HELP-1 to assist in ongoing #HurricaneIrma recovery efforts.… https://t.co/OmVqo4GzAr"
"34 employees are headed south to help restore power after #HurricaneIrma. Hear their thoughts as they hit the road:… https://t.co/Z86HBzZaQ2"
"Anchoring news this evening on @news965wdbo. The latest on #CentralFlorida power outages and school closures in the wake of #HurricaneIrma"
"Hurricane Irma Status #HurricaneIrma #NoWifi https://t.co/ubVNKx1z4p"
"Fewer than 73,000 Treasure Coast households now without power after #HurricaneIrma https://t.co/pTLpRFCgzT https://t.co/Gt3PLzhDXu"
"#HurricaneIrma left a wake of destruction in parts of the Caribbean. These are the needs: https://t.co/xZM9S0NgWX https://t.co/1ETvcjpbTa"
"Get #GIS and #USNG Resources for #HurricaneIrma and #HurricaneHarvey Response Efforts: https://t.co/8qS5eUsWKp"
"#USSIwoJima, #USSNewYork, #USSSanJacinto begin #KeyWest recovery ops in support of #HurricaneIrma relief efforts -… https://t.co/JgbAwzLMGP"
"Exciting to see @FlyTPA bouncing back after #HurricaneIrma https://t.co/DU93DYdSSP"
"With this short @Delta flight from @ATLairport, commercial flights are officially up and running at TPA!… https://t.co/BU6AI0SqG2"
"Here is an update on estimated restoration times. Thank you for your patience and understanding. Click image for mo… https://t.co/FKNcmm1wnT"
"If you're displaced due to #HurricaneIrma, Pfizer RxPathways may be able to help you with your Pfizer prescriptions… https://t.co/S9GoY1vTxr"
"Cuba aminoró el golpe a Florida pero nada aminoró el golpe a Cuba #HurricaneIrma https://t.co/RdQ4PLRA4E via @el_pais"
"Recovery is underway in Florida. Here are some useful resources to help. #IrmaRecovery #FloridaStrong #HurricaneIrma https://t.co/LH43Ng1tLF"
"Alfonso Jose pulls his son in a cooler w/ his wife as they wade through their flooded street to reach a store in th… https://t.co/OENTMw8wY4"
"Happy to report Bar HQs in #TLH made it through #HurricaneIrma OK.\n\nWe've re-opened &amp; Bar leaders are actively work… https://t.co/TP0AHXdePt"
"Help is on the way! 300 employees left this morning to help restore power in the aftermath of #HurricaneIrma. https://t.co/P9AuMMXvp4"
"help trey and @waterwheelphish help tortola #BVI recover from #HurricaneIrma https://t.co/8XxJrrc4QP"
"Tortola Relief Fund &amp; Words From @TreyAnastasio: https://t.co/4OuIKswqkd https://t.co/261eJKWQsD"
"This was me after #HurricaneIrma left! I was exhausted from all the stress! Was trying to call my pals??? and then… https://t.co/emWuEBSWTM"
"This is what the evacuation looked like for #HurricaneIrma both lanes going North https://t.co/tckeXN2MvG"
"Heat comes back to the east, and you can thank an unusual suspect.. #HurricaneIrma -- The latest:… https://t.co/USzxvARunu"
"Mt. Vernon's superintendent is helping out of the classroom, aiding those affected by #HurricaneIrma: https://t.co/ZTRxDGB2Uj"
"6pm #Anguilla #HurricaneIrma updates: @BorisJohnson visits, banks re-open &amp; info on SXM, Shoal Bay Villas &amp; Ben's:… https://t.co/yMVQnEP2yg"
"I am in disbelief right now... This is Long Island, Bahamas and the ocean water is missing!!! That's as far as they… https://t.co/cZdd3AYtFU"
"JUST IN: President Trump may travel to U.S. Virgin Islands to survey damage caused by #HurricaneIrma, White House official tells NBC News"
"Help share and read the full story here! He suffers from a broken back :(\n#hurricaneirma #savefranklin… https://t.co/VavWZ72Ho3"
"#AnnaMariaIsland just after sunset, 9/13/17, 3 nights after #hurricaneirma Not shown: Dolphins &amp; shorebirds https://t.co/EUF6hWLlOC"
"We want to welcome our customers back tomorrow after #HurricaneIrma We will have a limited Menu. #sexycoffee… https://t.co/ie5djom14Q"
".@marcorubio &amp; @SenBillNelson talk to constituents in Belle Glade about #HurricaneIrma https://t.co/D7v4AvdwSq"
"How many 787s can you fit inside BSC Final Assembly?  Our teammates fit nine assembled aircraft to safely ride out… https://t.co/Lha4TFQtEl"
"@garylanecbn prayed w/ this couple in Jacksonville amidst #HurricaneIrma ruins. Please keep these families in your… https://t.co/9lbm2g1R68"
"Today @FLGovScott  joined our officers and Clay County Sheriff Darryl Daniels to survey flood damage after… https://t.co/bLjwXuUcVk"
"Veterans in need of assistance after #HurricaneIrma can contact the Health Resources Center Disaster Hotline at 1-8… https://t.co/tGHLARA5cY"
"To those in the path of #HurricaneIrma- listen to state &amp; local officials. It's imperative we put safety of our fam… https://t.co/6O5g5Fa1Lf"
"#Jacksonville Looters Caught Stealing Utility Pole in #HurricaneIrma Aftermath (PHOTOS) https://t.co/wUacRH2kPZ #Florida #RedNationRising"
"We're partnering with @fcnmhp to help people and pets affected by #HurricaneIrma. Your help is needed:… https://t.co/QvFcJX2kin"
"Severe flooding still in Bonita springs, Florida. US still feeling the devastating effects of #irma #hurricaneirma https://t.co/uFEfYgPfn9"
"Owner of the #Florida nursing home where elderly folks died after #HurricaneIrma has history of fraud allegations  https://t.co/eOf8cVfbDH"
"@bestfriends is now helping pets from #HurricaneIrma as well as #HurricaneHarvey. Learn how you can help. https://t.co/g565pQDzW2"
"Those in one of these #Florida counties who had property damage in #HurricaneIrma may be eligible for individual as… https://t.co/jr0gSMFwSx"
"My concern continues for all impacted by the hurricanes.Will fly to #Florida on Thursday w @potus to survey the damages from #HurricaneIrma."
"In #Cuba, many #HurricaneIrma victims are asking themselves, where is the government? @miamiherald https://t.co/Wq6lBbAvcB"
"Praying for our precious loved ones during this terrible storm #HurricaneIrma . Please stay safe. All are in my heart ?????? God bless!!!!"
"Our Animal Rescue Team is still in #Texas, but we're also on the ground in #Florida prepared to help animals impact… https://t.co/L91vUH9A7v"
"As you can see, SAV is back up &amp; running! We're open for business w/ a great weather forecast. ????Plan your trip:… https://t.co/TtJSn4TZWj"
"#Volunteer in #Florida to help families devastated from the damage left by #HurricaneIrma. Sign up here! https://t.co/MndTqpEMl0"
"1.6 Million #PowerOutages in #Florida caused by #HurricaneIrma #Irma2017 https://t.co/TD9aNO1wgI https://t.co/hdquCTh14R"
"@pastordhughes @cbglades hitting @coralspringsfl neighborhoods in need of #HurricaneIrma help today! https://t.co/GADmLFQWaC"
"2 Million #PowerOutages in #Florida from #HurricaneIrma #Irma2017 https://t.co/TD9aNO1wgI https://t.co/P5xULLOt5H"
"2.5 Million #PowerOutages in #Florida as #HurricaneIrma makes its way up the coast. https://t.co/TD9aNO1wgI… https://t.co/f6EPjJp1qt"
"Don't know what you got til it's gone.\n\n#HurricaneIrma #orlando #tampa #stpete https://t.co/yHajBdciPF"
"To donate to #HurricaneHarvey and #HurricaneIrma victims text GIVE to 80077  #HandInHand https://t.co/6IzZzWQ6NR"
"Florida: Our #PowerForward team is on the way with free batteries to help those impacted by #HurricaneIrma. https://t.co/SoZ4SZuDSI"
"#HurricaneIrma has completely destroyed parts of the Caribbean.\nDonate now &amp; help us provide emergency aid:… https://t.co/Lgr6UtYRYl"
"FEMA Urban Search &amp; Rescue team, Arizona Task Force 1 (@PHXFire), supporting #HurricaneIrma response efforts in the… https://t.co/96cAjllwpA"
"#HurricaneIrma downs trees, homes, and power lines in Immokalee, LaBelle, but spares lives and leaves spirits strong https://t.co/bSfDMUnyL2"
".@theflabar raises income cap for Free Legal Answers site to help #HurricaneIrma victims. #ABAJournal… https://t.co/7EN8lm8loC"
"Two Syrian refugees give back by cooking feasts for #HurricaneIrma evacuees. https://t.co/eTcka8CwJb"
"Artists impacted by #HurricaneIrma: you may be eligible for emergency assistance. Learn about the range of options: https://t.co/pAfZcfkdQ4"
"Hey @realDonaldTrump, unless you're coming to Florida after #HurricaneIrma to follow Sister Margaret Ann's example,… https://t.co/ZD0USIGhQH"
"Sister Margaret Ann wields a chainsaw to help with #Irma clean-up effort at Archbishop Coleman Carroll HS in Miami.… https://t.co/f38p6SY5ay"
"Florida the Sunshine State! #hurricaneirma https://t.co/4OrUxYXnXU"
"El increíble sonido del huracán Irma al cruzar Puerto Rico. \n#HuracanIrma #HurricaneIrma #Hurricane #Irma #LOULTIMO… https://t.co/hflcymPxXq"
"Glad our @SamaritansPurse cargo plane was able to bring back some who were stranded in St. Maarten. #HurricaneIrma https://t.co/80QtnTjktA"
"This video shows the flooding on the streets of Miami  as the city is hit by #HurricaneIrma  https://t.co/TYwajXTnNF https://t.co/mwGCX2mr4i"
"#AlJazeera host mocks: \Americans flee #HurricaneIrma 332planes from #FL 1000s in cars\. Uses Quranic verse &amp; says… https://t.co/QMYY3uvSGh"
"Re-opened. All previous/future proceeds will go towards the victims of #hurricaneimra in the Caribbean islands.… https://t.co/2fB34kC6pj"
"Caribbean islands have been devastated by #HurricaneIrma\n\nWe need more international help @guardian  https://t.co/ArNvSZ5H4y"
"Rebuilding Barbuda in the face of new Climate Regimes. Reconstruction Pragmatism. A case for the UWI Brain Trust.#HurricaneIrma"
".@Googleorg @UNICEF @CatholicRelief &amp; @RedCross work together for #HurricaneIrma Disaster Relief. Take part &gt;… https://t.co/TBnNoXhv1N"
"To support those affected by #Irma, we’re continuing to update SOS Alerts and are matching donations up to $1M ?… https://t.co/TctTJu2vHy"
"This has been a tough week #HurricaneIrma trashed our house. We still have no power, but, @HillaryClinton is NOT our @POTUS \n\n#MAGA\n\nReTweet"
"Ouch - according to @DHSgov, 75% of #Florida's population lost #power thanks to #HurricaneIrma:… https://t.co/d2S7eQ7cT9"
"Charlotte Sports Park held up nicely during #HurricaneIrma. It has the heart of a champion, just like everyone in o… https://t.co/Z91qWuQpMR"
"Here's how you can help @FairchildGarden's #HurricaneIrma recovery efforts \n\nhttps://t.co/YDxv3PXzpn https://t.co/MuBMG33gc6"
"Alectra Utilities is sending more than 20 bucket trucks &amp; support vehicles to Georgia to assist in restoring power… https://t.co/nD7XWVtnvN"
"Microsoft’s response to #HurricaneIrma. Please help by donating to @RedCross or @TeamRubicon… https://t.co/AuPu2LmqeF"
"Even in the midst of a storm, we are reminded of the love for our country and community. #HurricaneIrma #September11 https://t.co/n3G5mqMKbY"
"An ocean used to be here. #HurricaneIrma stole it away. https://t.co/p2kzbakCWq https://t.co/7KqwL49D0t"
"Georgia: Our #PowerForward team is on the way with free batteries to help those impacted by #HurricaneIrma. https://t.co/w3PDjXHaNQ"
"I got to ride along with @AlachuaSheriff for @WUFTNews post #HurricaneIrma and it was not what I anticipated at all… https://t.co/2pJtMUI3HC"
"God is great! We handed out 40,000 lbs of food today at @ndccOrlando #HurricaneIrma #Hurricane #Irma #IrmaRecovery #Jesus #LoveOfGod"
"#HurricaneIrma's damage to the Caribbean islands is visible from space. Much of the islands' landscape now looks br… https://t.co/F1Fk6sYWD4"
"Thank you to all the brave staff who kept Vizcaya safe through the storm and those assisting in cleanup now.… https://t.co/G7vFRwKo2x"
"WATCH: Vizcaya in need of enormous cleanup efforts following #HurricaneIrma  https://t.co/VigvjeBUhP"
"#HurricaneIrma survivors in the Caribbean feared they would be forgotten in \apocalyptic\ destruction. Read more:… https://t.co/3BGbjBFUV9"
"\Wait, Mariana, before you get reporting. Is that somebody kite surfing behind you?\ People are still on the beach… https://t.co/cEJsxOt5GF"
"Student Relief Events at Full Sail Live -- The Show Must Go On. \n\nFull details on #HurricaneIrma relief efforts:… https://t.co/jmYhRcztWu"
"WFP has launched a range of operations in response to the devastation caused by #HurricaneIrma across the Caribbean… https://t.co/pLpci0yrhL"
"The Lessons of Marco Island, via @Slate #HurricaneIrma  https://t.co/RxGogee7Eh"
"#HurricaneIrma #Florida https://t.co/FQmJBakJSX"
"Key West resident becomes emotional after Army gives him supplies after #Irma: \We should've evacuated but we thoug… https://t.co/747bIpgK2i"
"#Florida know this, your #Troopers will always be here for you no matter the situation and we are on the way!… https://t.co/rzHQXlBaCV"
"@FLForestService en route to deliver food &amp; water to US&amp;R teams in the Florida Keys #keysrecovery #HurricaneIrma… https://t.co/eqOOR3rEqJ"
"Fell right next to my room! #hurricaneirma #Fox5StormTeam #Fox5Atlanta https://t.co/g3D2dvP3he"
"Climate change: it's real, it's happening, and this is exactly the right time to talk about it. https://t.co/nsbO2ichD5 #HurricaneIrma"
"The Coca-Cola Foundation pledges $1MM to #HurricaneIrma #relief efforts in the southeastern U.S. and the Caribbean:… https://t.co/z7zwawDAjB"
".@WFP launched operations in response to the devastation caused by #HurricaneIrma. Please help those most in need:… https://t.co/HcGqpVsCIf"
".@WFP giving out emergency food in #Haiti, now moving to help those in #Caribbean worst hit by #HurricaineIrma See… https://t.co/3SpI5MAvey"
"@MiamiBeachPD #MiamiBeach Police officer took in 40 #cats before #HurricaneIrma ?Pray for homeless #animals #Miami… https://t.co/Q9u21ll2Dv"
"Thanks for sharing &amp; spotting our crews! Their updated destination is Daytona Beach #AlmostThere #HurricaneIrma https://t.co/T9w1y8Vwl0"
"Proud to see @HydroOne trucks on the way to Florida to help with #HurricaneIrmaAftermath. Thank you! ???????????? https://t.co/xtABrxtOfu"
"In the aftermath of #HurricaneIrma, a msg. from our #FlaYLD Prez, @zackzuroweste.\n\nPlease read &amp; help if you're abl… https://t.co/x35j8qNKrA"
"#HurricaneIrma Metro #Atlanta  Area Update - We have restored power to more than 300K customers impacted by Hurrica… https://t.co/uTHSp2CrKR"
"Labor @SecretaryAcosta visits special needs victims of Hurricane Irma at FIU shelter. https://t.co/DOT2rXsWlr… https://t.co/VhEahKV8J0"
"Since our office doesn't have power, some front office staff went into the community today to help with… https://t.co/r6PJ84Bs7W"
"#HurricaneIrma still plagues us. Its floods threaten the I-75 bridge at the Santa Fe. US 27, US 41 bridges closed.… https://t.co/Tm7x64m6QR"
"A Florida #HurricaneIrma evacuee won some much-needed cash while in the Tar Heel State: https://t.co/3nFaFYxIhB"
"#Devastation Clean up begins in Marco Island FL as people see the extent of #HurricaneIrma damage for the first time https://t.co/YmKw839YJH"
"Please tell friends: keep generators outside. 3 died &amp; 4 hospitalized from generator exhaust in an Orlando family's… https://t.co/wlseFa6QVY"
"A sight you don't see everyday! @MiamiDadePD posts video of a chainsaw-wielding nun helping to clear roads in after… https://t.co/R6PuKyp5Kj"
"Prayers for ALL the islands in the Caribbean! ??\n????  #HurricaneIrma #Irma #puertorico #PrayForTheCaribbean… https://t.co/nghENYgx95"
"Relief Effort Underway for #HurricaneIrma You can help by calling 1-800-RED CROSS or texting word IRMA to 90999 to… https://t.co/Z212SGeGDt"
"Amazing images of storm surge in Riverside and downtown #Jacksonville during #HurricaneIrma. More photos:… https://t.co/lovIPKdyX3"
"Everyone is pitching in to clean up Florida after #HurricaneIrma. That now includes a chainsaw-wielding nun.… https://t.co/F8QHcwv3q5"
".@CallawayGardens will re-open on Friday after clean up is done from #HurricaneIrma.https://t.co/gHjJJEBE1u https://t.co/8liqaifHe6"
"#HurricaneIrma fact: The amount of time the storm stayed a Category 5 is *tied* for the lifetime record set in 1932."
"https://t.co/oyLgQKUCwV... https://t.co/qpnY9jf4iC"
"Shout out to the Atlanta @Braves for giving free tix to Florida residents evacuated by #HurricaneIrma. Southern hos… https://t.co/yPe3itN3z2"
"Guy saves a #guitarfish stranded on the #shore ? #HurricaneIrma #Irma https://t.co/jYxbUdPppd"
"MG Joe Jarrard TAG-GA &amp; Ga. Guard Sgt. Caitlin Taylor 179th MP Co w 1st responders in Glynn Co. Ga #HurricaneIrma… https://t.co/MGylYwfD2d"
".@VP announced that he and @SecondLady will accompany @POTUS and @FLOTUS to Florida tomorrow. #HurricaneIrma https://t.co/W4AZJvNnlE"
"The latest update from @FIU on campus re-opening, classes and volunteering after #HurricaneIrma ???… https://t.co/rSRp3EY9Qw"
"Residents who sustained losses during #HurricaneIrma, see below ?? https://t.co/NRs4wYYXZ1"
"Residents who sustained losses during #Irma can begin applying for @fema assistance at https://t.co/uiee1eaxzo"
"Tonight on #TheDailyLedger - #HurricaneIrma being politicized by Hollywood w/@ChipLaMarca, #VoterFraud and Mexico's… https://t.co/xzO3q5XnkS"
"Keeping the people of Florida, and all those affected by #HurricaneIrma, in my thoughts &amp; prayers as relief and rec… https://t.co/wGKNb9E0PA"
"An estimated 15 million Floridians are without power. The damage Hurricane Irma left behind: https://t.co/SCOizqjtb7"
"(3/3) Read more about the animal rescue &amp; relief initiative for the BVI in the aftermath of #HurricaneIrma here:… https://t.co/fZoGHRciUv"
"Florida nun picks up a chainsaw and joins cleanup efforts following devastation brought on by #HurricaneIrma.… https://t.co/UGlBjygJvS"
"Talking #HurricaneIrma, #SeymourTheVamp &amp; Moving to @blogtalkradio\n\nhttps://t.co/HYakymoHTd\n\n#BTRPrime… https://t.co/4ehl4hqrwf"
"Tallulah Gorge SP &amp; Black Rock Mtn SP are closed for #HurricaneIrma clean up throughout this weekend. Follow… https://t.co/CBj5mHKqr4"
"Sending love and prayers to our brothers and sisters in #Florida. #HurricaneIrma"
"(1/3) In the wake of the devastating impact of #HurricaneIrma in the British Virgin Islands, HSI &amp; H/3 Foundation a… https://t.co/tkxuGxahdG"
"The custodial staff is doing an incredible job cleaning up @ManateeHS which served as a shelter during… https://t.co/izNFW2tvcg"
"Come out and support a great cause this monday!  #hurricaneirma #hurricaneharvey #countrymusic #starvedrock https://t.co/WHPHwnMt03"
"#HurricaneIrma: A destroyed classroom in Anguilla.\n\nAlong with providing clean water ?, our key priority is getting… https://t.co/p8ch30wyQs"
"Fallen tree in the Villas of renaissance Miramar taken by thevin-laws neighbor Joelito. #hurricaneirma @wsvn @nbc6… https://t.co/A4dmJ7i4a6"
"90 Percent of Florida Keys Buildings Damaged by Hurricane Irma https://t.co/wKlCD4nHr3 #HurricaneIrma https://t.co/L3IeV94aUO"
"#hurricaneirma \n#hurricaneharvey \n#looting \n#lootingtime \n#texas \n#southflorida https://t.co/j0q9xuA8ej"
"Your support will help us protect vulnerable children &amp; provide desperately needed relief to families who need it m… https://t.co/cHOmLQjOtX"
"According to preliminary reports  the flooding caused by #HurricaneIrma is the most severe to have affected #Havana… https://t.co/3o3SxkXfjL"
"Save the #Wine! Teams Dash to FL to Rescue Wine Ahead of #HurricaneIrma i https://t.co/Sku9ZALmVU via… https://t.co/36aY9KNkta"
"Join @DowntownDoral for a family-friendly fundraiser benefiting #HurricaneIrma relief efforts Thurs. and Fri. https://t.co/6zHbHy9TcV"
"THREAD: How our neighbors in Liberty City are struggling after #HurricaneIrma https://t.co/fRQke3dFTk"
"Rufus was looking for work in Liberty City. He needs $ to buy food. Says grandkids are down to cornflakes. Power st… https://t.co/tRNEItBY2j"
"Taken down for #HurricaneIrma https://t.co/P3NpxGl1KH"
"Test Track still without a cover today. https://t.co/qAvlbYkh2F"
"Massive traffic jam from #Mobile - #Florida tunnel of #power workers, relief #aid, #FL evacuees  #HurricaneIrma  ttps://youtu.be/zHZ-QmHlQiM"
"Sending my ?? to everyone affected by #HurricaneIrma and also sending my ?? to Mexico. We have to support each other through these events."
"The Ohio CU Foundation sent $5K to the @NCUFoundation #CUAid, to help our fellow CUs in affected by #HurricaneIrma.… https://t.co/aMV5lrIbc2"
".@FLGovScott to tour #BlackCreek communities by boat this morning where families are under water #HurricaneIrma… https://t.co/wVapTMKWgg"
"Cops Arrest Georgia Muslim Imam Who Kept Supplies Meant For #HurricaneIrma Victims https://t.co/m0q09VNz0N"
"\So many unanswered questions\ @elizcohencnn reports on #nursinghome deaths in #HollywoodFL after #HurricaneIrma  https://t.co/XMpsDhitPb"
"Photos of police responding to #HurricaneIrma prompt agency to ask people to stop calling 911 &amp; asking for officers. https://t.co/bVxfuxRemv"
"Via: @Dolphin_Project: #Lolita was left at the #MiamiSeaquarium to endure #HurricaneIrma by herself. ???This video… https://t.co/wf4NDLEiyU"
"#HurricaneIrma and the Tragedy of Tokitae/Lolita via @Voice_OT_Orcas #Blackfish #FreeLolita https://t.co/zg9mWa4zgP https://t.co/IvqeLpb2kJ"
"Cleaning up after #HurricaneIrmaAftermath #hurricaneirma #miami https://t.co/fdzPzH12Bt"
"Grateful for @CMAinCanada churches moved by compassion to bring help &amp; hope #HurricaneHarvey #HurricaneIrma \nDONATE… https://t.co/HYegDXpZ92"
"NEW VIDEO: An Empty Walt Disney World During Hurricane Irma, Hurricane Damage and more! #WDW #HurricaneIrma #Irma… https://t.co/wwM08CnUuJ"
"Donate money. Donate money. Donate money. https://t.co/eULFwdjexK #GoLocal #HurricaneIrma #HurricaneIrmaRelief #IrmaRecovery"
"Volunteers from @MuslimYouthUSA working with @HFUSA in Miami, Tampa, Naples and Jacksonville doing #HurricaneIrma c… https://t.co/iu6pfWVAUV"
"President Trump briefed in Oval by @TomBossert45, tracking approach of #HurricaneIrma toward the coast of Florida w… https://t.co/CDwGjO3NDe"
"So Trump thinks NAZIS with guns are exercising free speech but a citizen criticizing HIM isn't? https://t.co/3KstlSyxZu"
"To relieve some stress from #HurricaneIrma, we invite you to enjoy a day at the museum for FREE, September 14–15.… https://t.co/5GkZbgeHUC"
"50-plus animals found tethered to trees, abandoned in Palm Beach County as #HurricaneIrma approaches… https://t.co/32OlCEBfm6"
"The Glynn-Brunswick 911 Center has done an awesome job during #hurricaneirma  We thank them for their service and... https://t.co/FQpYZRv3wP"
"Pets displaced by #HurricaneIrma need a place to stay. So 100 cats and dogs hit the road with help from @ASPCA.… https://t.co/gAacMFUQMk"
"Many supported NYers when Sandy hit. Now our NY Task Force-1 can be there to help others during Harvey &amp;… https://t.co/PNemFBeWCO"
"Grenada Donates EC$1 million to Islands Affected by #HurricaneIrma  https://t.co/KQkaJ8gYdu"
"Hey #HurricaneIrma not funny at all ? my @TheVeilFilm DVD with .@willylevy29  delayed because of you https://t.co/vDY3WB7mwJ"
"?GOOD NEWS?\n\n#Florida officials pursuing charges after seeing family pets were left behind ahead of #HurricaneIrma. https://t.co/VMLC29d5my"
".@VP announced that he and @SecondLady will accompany @POTUS and @FLOTUS to Florida tomorrow. #HurricaneIrma https://t.co/Rzl0X5zg5c"
"Footage from Naples, Florida from the canal in my father's backyard #hurricaneirma @CNN @weatherchannel @MSNBC https://t.co/4eDsVQOE1S"
"A volunteer veterinarian gives a dose of love at a pet-friendly shelter in Vero Beach. https://t.co/cEjcckq3fU… https://t.co/2SW7ogretg"
"#Pentagon Provides Update on #HurricaneIrma Relief Operations https://t.co/l0TtDVmy44   #USMC #Marines #Northcom"
"#HurricaneIrma yard-waste pick up starts Thursday in Stuart. #TCPalmFuture https://t.co/CuB8D9L2eo https://t.co/U1oD2bF1x6"
"Please RT! Have you seen Molly? #missing #lost #pet in #CapeCoral #FL 33909 https://t.co/PIj4X4eEJv https://t.co/LdYe8JFNtK"
"#FAA authorizes 71 #drone operators to help with #Irma recovery. #DronesWork4US #FlySafe https://t.co/CGB8E5QjWS https://t.co/k8LMdy19Fk"
"@MayorGimenez @RebecaSosaMiami @BarreiroFL @JavierSoutoD10 @jeanmonestime @XavierLSuarez1 @DLCAVA @JuanCZapata Owne… https://t.co/747g57gEDI"
"Hurricane force winds hit Florida Keys. 390 shelters have been opened in Florida. Shelters near you??… https://t.co/0AyCncY3tK"
"More than 20 @WIPublicService employees are on their way to help restore power to those affected by #HurricaneIrma:… https://t.co/dndyPzkCAk"
"#FlyWithAOPA pilots Carlo Cilliers and me enroute during 950-mile #HurricaneIrma general aviation relief mission. https://t.co/C9tqqnoTHV"
"#vicaya museum and gardens after #hurricaneirma beautiful #sunset #usa #florida #miami… https://t.co/QUu1eFhEAm"
"Let's pitch in and help those in need! Here's how you can help those impacted by #HurricaneIrma @ActionNewsJax… https://t.co/W5c0hMjzr6"
"#HMCSStJohns and its CH-124 are on the way to the Caribbean with humanitarian assistance for #HurricaneIrma relief.… https://t.co/zyibZsw69b"
"Check out how connections made through @HubSpot went beyond #businessgrowth during #HurricaneIrma. @tmcdigitalmedia https://t.co/eVXRgIggZ4"
"#TMobileSouthBeach is opened and ready to serve you! We hope everyone remained safe during #HurricaneIrma https://t.co/75lC0JxlcL"
"Profiting from other's misery is unfair. #WednesdayWisdom #HurricaneIrmaAftermath #HurricaneIrma #quotes… https://t.co/UNHkc29ARN"
"Our crews are certainly feeling the ?? from #FPL (@insideFPL) customers who have been without power since… https://t.co/tVXVN2URWa"
"Please #pray for all those impacted by #HurricaneIrma in the US and in the #Caribbean. \n#UMCOR… https://t.co/s1YqObrLD8"
"FREE admission to @pamm from September 14-15 to relieve some #HurricaneIrma stress. (And there's happy hour specials on Thursday night!)"
"We are rebounding after #HurricaneIrma. Get the latest on our facilities, customer orders, shipments and more:… https://t.co/lVDbNSukuH"
"Volunteers across FL are needed as we work to recover from #HurricaneIrma. Are you able to help? More info:… https://t.co/ywblwB84ps"
"KSC will remain closed on Thurs., Sept. 14. Mission-essential personnel continue damage assessment and recovery. #HurricaneIrma"
"#SBmember News: \We're taking care of our impacted team members and their families.\ @Target #HurricaneIrma https://t.co/8ps56xtid2"
"Live from Miami airport. Après trois jours sans électricité, je vous annonce ma joie de rentrer chez moi et revoir le RER B. #HurricaneIrma"
"Water distribution for citizens greatly impacted by #HurricaneIrma, 10am - 5pm, while supplies last. Locations here… https://t.co/o2sjQAZ3wN"
"Clean up started. No power but alive #HurricaneIrma #homesteadfl #Alive https://t.co/DKorWrIvkr"
"LIVE on #Periscope: Mayor Curry and Gov Scott #HurricaneIrma  https://t.co/hMiSMBYsF1"
"Here's why you don't siphon gas with a Shop-Vac.  @WFLA (H/T @HighCoSheriff) #IrmaRecovery #Irma #HurricaneIrma… https://t.co/WE8LYYCRxC"
"Army Engineers, RAF Medics &amp; Royal Marines working together to rebuild badly damaged Princess Alexandra Hospital in… https://t.co/UAV7vhQTn4"
"#HurricaneIrma - As of 2:30 p.m. there are approximately 100,248 without power in Duval County.  #Irma #JSO #JAX"
"Review of state/local emergency management procedures needed after deaths of frail older people after… https://t.co/ZRv5w1jCaC"
"#NJTF1 participated in a #September11th remembrance ceremony @TeamEglin this morning.  https://t.co/GJMm6PC632… https://t.co/gprF0frbe8"
"#HurricaneIrma #climatechange https://t.co/yeQtpCUoJi"
"This is Miami right now. #HurricaneIrma https://t.co/bhVqJ1bmCP"
"This man is a hero for over 30+ family prior to #hurricaneirma helping our country out of his… https://t.co/d6mouzKdQL"
"The storm has passed, but the flooding has not. Water continues to pour into the St. John's River and many homes are in a dire situation."
"The Florida Keys are absolutely devastated after #HurricaneIrma. Some friends in Miami made this fundraiser: https://t.co/ky5KnaieHt"
"LIVE on #Periscope: #HurricaneIrma Relief Fund Announcement #ilovejax https://t.co/NG3kyNhzf2"
"#NJTF1 is demobalizing from Florida where they have been staged in support of #HurricaneIrma Thank u, @TeamEglin fo… https://t.co/3Rengk0hD2"
"I'll return in a few days after I recover from #HurricaneIrma\nThank you kindly for all of your prayers, they worked… https://t.co/2Xs7g6IjUf"
"Driving into town earlier looking for fuel for our generator... #HistoricBrooksville #HurricaneIrma #IrmaSurvivor https://t.co/7RKEpcbHiW"
"Please donate or RT to help my students have new books at home as our area recovers from #HurricaneIrma https://t.co/LGBl6n324M"
"A HUGE thank you to everyone who has supporter our disaster response to #Hurricaneirma Help us help animals:… https://t.co/eIrreDTRdi"
"Marines provide #HurricaneIrma relief in Virgin Islands\n\nMarines and @USNavy sailors of the 26th MEU — a certain fo… https://t.co/yLypVSNmzV"
"Alert One in the air, Range and Water units in our waterways  today monitoring flood zones countywide in the wake o… https://t.co/kR7B6dVM48"
"The 26th MEU is providing humanitarian relief and search and rescue efforts in the Virgin Islands for victims of… https://t.co/glepBC5nsV"
"Donald and Pluto are still here at Port Orleans French Quarter, helping out at the Concierge desk. ? #LiveFromWDW… https://t.co/dvSbXHJUTg"
"#Soldiers with the #FLGuard are going door to door in the Jacksonville area following #hurricaneirma. #Irma https://t.co/LOCzQGEK9T"
"In Florida Keys, recovering from #HurricaneIrma means more than getting power back https://t.co/Q2epk0fgIr https://t.co/0oupqV4GeU"
"We're caring for 500+ baby sea turtles in the aftermath of #HurricaneIrma. Here's what to do if you find one:… https://t.co/xZOupsxMAl"
"He got my parents through #HurricaneAndrew. Now I'll remember being in the same building as him for #hurricaneirma… https://t.co/zG2rbywTVv"
"Can you spot the difference?\n#HurricaneIrma \n#HurricaneHarvey https://t.co/asU8Fp7Glr"
"And Muslims and Dreamers and women and babies and clowns and... #ClimateChangeIsReal #denial #HurricaneHarvey… https://t.co/MYyCtN3Di4"
"Black Creek flooding in Clay County #hurricaneirma #904happyhour #904storm #igersjax https://t.co/pyr2zpseaL https://t.co/OyNL3YScwU"
"Verify that your route is safe before traveling home- check with your county for reentry conditions"
"The poor were most affected by #HurricaneIrma. Learn what you can do to help: https://t.co/ZsaH9Lh22Q"
"#HurricaneIrma: Animals need our help badly. We're doing everything in our power to get there as soon as possible:… https://t.co/zHW3tjvltk"
"Yay We have power again!\n\n#HurricaneIrma"
"Florida’s signature crop under water in Hardee and DeSoto counties. Views from the air as we survey the damage caus… https://t.co/XaVt0JBq67"
"IRMA'S AFTERMATH: A Cape Coral man shows off his American flag after #HurricaneIrma. https://t.co/DG48S8WCBH"
"on my knees just praying for my Caribbean people this morning!! My heart goes out to you in a time like this!!! #HurricaneIrma"
"Review our facts and tips resource on #naturaldisasters, and links to additional resources: https://t.co/6YWBCCKhpl… https://t.co/dRSNQF2ZkQ"
"#MidnightTexas will cast a spell on you tonight at 10/9c on @NBC! ? https://t.co/zvpIrCNITj"
"Money from my commissions is going to be going towards helping victims of #HurricaneIrma, message me if you're inte… https://t.co/Jau2y8JLXi"
"NASA photos show #HurricaneIrma's destruction to Caribbean https://t.co/j1ymotE3oa #TISL https://t.co/chZzSZflO7"
"+1M meals &amp; snacks served, +196K relief items distributed to people impacted by #HurricaneHarvey. Our emergency sup… https://t.co/6IsdtChYYB"
"\Like a bomb went off\- #HurricaneIrma survivors describe horror in the Caribbean https://t.co/JHuKM3ROFm https://t.co/UYmQxDfsYz"
"I'm very PROUD of the leadership our President @realDonaldTrump has shown us during this National Crisis. American Unity..! #HurricaneIrma"
"Now that #HurricaneIrma has passed, here is a list of school closures and openings https://t.co/VCMuaxBY1i #FLedu"
"There are just no words. #Florida #HurricaneIrma https://t.co/lBR8eTcOVj"
"Florida men accused of trying to steal entire power pole after Hurricane Irma https://t.co/6Jg2jQLxaV https://t.co/QzkJpLCXWg"
"New USDA waiver for the US Virgin Islands will help ensure people participating in #SNAP get the food they need  #Irma #HurricaneIrma #USVI"
"We care. Our hearts go out to Florida and surrounding states as they recover from Hurricane Irma.\n\n#HurricaneIrma… https://t.co/nwRkT8nO4Y"
".@eatitandlikeit: Support #Savannah's service industry &amp; restaurants after #HurricaneIrma https://t.co/GeR13OrVAU @SavRestWeek @BISsav"
"Over 420,000 customers lose power across South #Florida as #HurricaneIrma hits Keys, power supplier says (Images: A… https://t.co/V10nWGH7CY"
"82 yrs after https://t.co/d5DVGxDr3i devastated @thefloridakeys &amp; destroyed @fecrwy's Key West Ext... Thoughts &amp; pr… https://t.co/dmINrAT4F2"
"STARTING NOW @USAID's James Fleming joins distinguished #CSISLive panel 2 discuss #HurricaneIrma response. Tune in:… https://t.co/sxmQDb0Fig"
"Dear journalist friends, Several of you are asking key questions re #climatechange &amp; #HurricaneIrma et al. Thank you. To the others...(1/x)"
"??? i shat when I saw this \n\n#HurricaneIrma #HurricaneJose https://t.co/jHBYhectSJ"
".@UFHealth teams help hundreds of patients weather #HurricaneIrma. #GatorGood https://t.co/AAssQkNnae https://t.co/k9qX4bq3Bl"
"#Florida couple takes in foster children following #HurricaneIrma\nhttps://t.co/QFXdI4z14v https://t.co/mkY36pR4Nf"
"#HurricaneIrma left destruction in the Caribbean. See how our disaster relief team continues to provide aid.… https://t.co/ie6bYPcryW"
"Everyone is pitching in to clean up Florida after #HurricaneIrma. That now includes a chainsaw-wielding nun.… https://t.co/5R5WaJQ5rl"
"Hook and Smee have now joined the party at Yacht Club #HurricaneIrma https://t.co/LGafyPHKI5"
"Mercy from #handinhand last night. To donate, text GIVE to 80077\n#hurricaneharvey #hurricaneirma #davematthewsband… https://t.co/Pm1L5MK8E0"
"Read about what @WFP + others are doing to help #Caribbean islands worst hit by #HurricaneIrma in @CNN report… https://t.co/lApHQgNqgG"
"FHP working hard today to help clear areas in Brooksville following #HurricaneIrma https://t.co/0rJjiul49j"
"An ocean used to be here. #HurricaneIrma stole it away. https://t.co/rxNVLBvrho https://t.co/jfW2uL1osy"
"??Sending out Prayers to those effected by ??????\n\n#HurricaneIrma #Harvey #earthquake #Floods #Greenery09 https://t.co/ipoRtphoeA"
"Over £13,000 has been raised in under 24 hours for our Hurricane Irma appeal. Please donate here:… https://t.co/Qmtc7UJvOh"
".@FDNY members are deployed to affected communities in support of rescue and recovery efforts of #HurricaneIrma:… https://t.co/XaTgpPflzK"
"Stay safe! MetroPCS offers free unlimited data to customers in #HurricaneIrma impacted areas, from 9/08-9/15. \nMore… https://t.co/ojWdF5tloX"
"Pic of cop holding K-9 partner's paw during #HurricaneIrma will warm your heart https://t.co/sNGXfpz0YV https://t.co/PYbZG0ucUP"
"An explanation of River Stage, the water level measured in feet above a point, usually somewhere below the river be… https://t.co/Hl9NSZXGOF"
"Hurricane Irma Relief Help Needed! https://t.co/xltQrfcr4M\n\n#hurricane #HurricaneIrmaAftermath \n#hurricaneirma\n#irma\n#florida"
"Oh no!  The #UFPhysics tree ? (photos via Don Tucker on FB) #UF #hurricaneIrma https://t.co/LZ9xgFSQtC"
"It's Fake News! @FLGovScott is fine and doing a great job! Thank you for protecting Florida before, during and afte… https://t.co/YvGZNrPO3K"
"NEWS: @USDA Okays #SNAP Hot Foods Waiver for Hurricane Hit Virgin Islands https://t.co/ScpXdOM6ik #Irma #HurricaneIrma"
"@DukeEnergy @FLGovScott is it true that #DukeEnergy won't #pay   #overtime? #tellthetruth #hurricaneIrma #PinellasCounty"
"#HurricaneIrma #HurricaneIrmaAftermath #Deadly  NEVER use a generator indoors, including garages and other enclosed… https://t.co/pKrUOCk9cf"
"Carbon monoxide from generators can be deadly!  Never use a generator indoors, including garages and other enclosed… https://t.co/ryQJW0Pfuc"
"Coming together to  make our guests special after they've been affected by Irma. #hurricaneirma. @Chilis @ErnstJohnD https://t.co/PWUSH9asBd"
"@judenmarysmomma @goldengateblond It doesn't seem like they managed this very well! #HurricaneIrma… https://t.co/g6F74KsifQ"
".@FLOTUS announced she will accompany @POTUS to Florida tomorrow to survey the impact of #HurricaneIrma. https://t.co/fEZtUvgcV2"
"In #Florida at least 16 #Manatee rescued and only 3 dead. Residents have stepped up efforts to save threatened spec… https://t.co/nKCsEegkHM"
"back at it! #hurricaneirma has come and gone, time to #workout , it's #humpday #workoutwednesday… https://t.co/SNe1ZfeI1I"
"Looks like #HurricaneIrma has decimated remaining #SeaTurtle nests in Florida. If you find an exposed nest, the egg… https://t.co/dFKldaLXMj"
"Even though they pay the same rate, poorer socioeconomic areas are the last to get #power turned back on after #HurricaneIrma #FPL"
"Here are videos of residents who stayed behind in Key West from just after #HurricaneIrma, just in case anyone is l… https://t.co/6cH4U8g8Fi"
"Sea Shepherd Offering Hurricane Support to Sint Maarten https://t.co/pT1PsOfPl8\n#seashepherd #sintmaarten #irma #hurricaneirma"
"We've dispatched crews to help restore power in areas of the southeast U.S. damaged by #HurricaneIrma.\nhttps://t.co/FyPV93bncr"
"Every dollar counts in providing food &amp; shelter to people suffering from the catastrophe #HurricaneIrma. Donate now… https://t.co/12BnFNUXZF"
"Update: We are distributing food to #Antigua &amp; St. Martin to help the many in need after #HurricaneIrma. https://t.co/kslakYvynq"
"Throughout #HurricaneIrma, @EMORY_CEPAR helped keep the Emory community safe with regular updates + suggestions. https://t.co/UT3vhgo2sC"
"A Great #Florida #cats rescuer need help ?Prolapse surgery to save Irma cat #HurricaneIrma  https://t.co/1FCR1V50PN"
"Thank you @MetroMinistries for providing 500 meals to Robles Park residents affected by #HurricaneIrma. Info:… https://t.co/e815LjXsVW"
"Hot home-cooked meals. That's how the Gras family thanked South District officers after a long, hard shift… https://t.co/4ehzqXxL7l"
"Happy? #Wednesday &amp;sending more #love ?&amp; #prayers ??out to the victims of #HurricaneIrma as they continue to put th… https://t.co/9aru4Ygxwu"
"Living the shelter life @ichighschool #HurricaneIrma #gatorstrong https://t.co/M62vOcOrVf"
"Living the shelter life @ichighschool #HurricaneIrma #gatorstrong https://t.co/M8Y0DlQLnV"
"Living the shelter life @ichighschool #HurricaneIrma #gatorstrong https://t.co/puHMhNWOJc"
"Living the shelter life @ichighschool #HurricaneIrma #gatorstrong https://t.co/CX6qusk0Hk"
"If you're looking for charities helping those affected by #HurricaneIrma, @CharityNav has a list:… https://t.co/dpoCGroCEq"
"#Palmbeach woman who died during #HurricaneIrma  remembered for her whimsical art SHE SUPPORTED 500+ COMNUNITY #CATS https://t.co/MBnzPfXkzM"
"Former Bloomington mayor Steve Stockton used his experience as a State Farm executive to prepare for #HurricaneIrma https://t.co/wLR5JXIPep"
"#HurricaneIrma won't get me down. I'm enjoying the weather even tho it's hot out. Hope all my Florida pals are well… https://t.co/swJQdvVg5X"
"Messages of appreciation from our shelter families @ichighschool #HurricaneIrma #gatorstrong https://t.co/47n3ri7PQQ"
"Living the shelter life @ichighschool #HurricaneIrma #gatorstrong https://t.co/QccnQ7y1hG"
"How to help #HurricaneIrma first responders https://t.co/RtvHRooaOn https://t.co/OwQpCDhMiG"
"your donations hard at work.  thank you everyone who gave!\n#keywest #HurricaneIrma #FloridaKeys  #heroes https://t.co/A5SQq4euw2"
"What we know - and don't know - about how climate change affects hurricane formation #HurricaneIrma https://t.co/nYzm37j8C0"
"After Hurricane #Harvey and #HurricaneIrma, learn why it's critical for consumers not to top off their tanks.… https://t.co/d6zZJf2j4l"
"Thank you @Lowes had #windows done 15 months ago,  obviously did a good job? Was told contact insurance warranty  i… https://t.co/ohgByvLZy6"
".@MetroMinistries will be serving meals to 500 Robles Park residents this evening to aid in #HurricaneIrma recovery… https://t.co/2bnQjKbD0K"
"All the #VanillaIceProject homes are fine and standing. I build them stronger for this very reason. #HurricaneIrma"
"Production is well...production. Getting so much inspiration from @suzeequebbw filming during #HurricaneIrma… https://t.co/svoH9SaxqR"
".@LILBTHEBASEDGOD offers free guest verses to Florida rappers affected by #HurricaneIrma https://t.co/XKqVauDA7t https://t.co/K5FhFeI4oE"
"#HurricaneIrma: driven by fossil fuels. @ABC, @CNN, @CBS, @NBC: we demand answers on response, not #climatesilence https://t.co/qy1e56O78T"
"U.S. Virgin Islanders feel they were neglected by mainstream media during #HurricaneIrma coverage… https://t.co/Tr0VQa2qbQ"
"#HurricaneIrma left a soggy swath of damage throughout Florida and beyond. Follow @AP’s coverage here:… https://t.co/0W97WqNtp8"
"Florida Bar Exam results are not affected by #HurricaneIrma and will be posted Monday on @flcourts webpage. https://t.co/128FGIxWSy"
"This is why @IMKristenBell is the best - #Orlando #HurricaneIrma #Irma2017 #AtriaSeniorLiving https://t.co/DygEAnnSrc"
"Army Commando Engineers in #Tortola have restored power, running water and made vital repairs at the International… https://t.co/3pgTdwQj7H"
"Mormon Helping Hands volunteers are providing free #hurricaneirma clean up help. Call 1-800-451-1954 ASAP to set up… https://t.co/JWGfppircV"
"Trader Joe's in Gainesville. We are all on a diet together.\n#IrmaRecovery #HurricaneIrma #HurricaneIrmaAftermath https://t.co/KgQMZE2yOB"
"Here's to the local heroes of #HurricaneIrma. #TCOpinion https://t.co/W3TxPTSdSt https://t.co/8tD4IOWrUF"
"On 9/14 at noon, we will serve meals/drinks to Zellwood residents who are w/o power (5538 W Jones Ave).… https://t.co/qCigcLIr5S"
"#Karma #Florida #HurricaneIrma https://t.co/G3sovEcUzI"
